TID,POST,LABEL
250,@triniteddybear thank you  have an awesome week.,1
95,the of end the new JONAS was amazing... aw :'( yep dats a tear. (kinda not really). @ItsChelseaStaub you were awesome.. nice spit take,1
554,"@rhyzome the blog is pretty lame, but the story of the unreleased bike seat as a tip was awesome ",1
766,"""Tweeting for Fun, Cruise, Vibes and Insha Allah... #IghaloFC Stan account #Bridget Bema Stan Account \ud83d\ude47\ud83c\udffe\u200d\u2642\ufe0f\ud83d\ude47\ud83c\udffe\u200d\u2642\ufe0f"", ",1
617,finds it interesting that a Vespa counts as a motorcycle in Maryland and Florida  AWESOME!!!!,1
600,Post europe depression has never been worse. I am fucking shaking in sadness and a depressed mind,0
94,"I told a male colleague I'd had post-partum depression and he said nah, all the women he knew ""were really emotional"" after childbirth. (me: ""omg, you're mansplaining!"" him: ""I'm not, that's different."")  https://twitter.com/itsPKav/status/1289569793427640320¬†‚Ä¶",0
219,@MandyyJirouxx AHAH.  i'll never forget the video. the anna rose did you EYES. awesome. !,1
995,Amo summer depression,0
340,"I was remembering when my teen sister started having depression issues, my mom was the ""perk up"" type and took too long to recognize what it was. I'm 14 yrs older and had a psych degree so knew better.",0
230,@Drewffc I'm awesome. I always suspected.,1
347,@DecayingWaste happy birthday dudeee,1
10,Son bika√ß haftadƒ±r her yerde sƒ±ramƒ± kaptƒ±rƒ±yorum ama sinirlenmiyorum. √úlkeye bak self anti-depression skilli kazandƒ±rdƒ± resmen ahahahha,0
463,"The #COVID19 pandemic led to higher levels of #depression, anxiety, suicidal tendencies and #psychological trauma among American adults during the early months of its spread.  https://bit.ly/31eQAqd¬† pic.twitter.com/X1a5TK8dqB",0
409,@sosadtoday I have crippling depression *road chair*,0
855,Okay so he was mentally-ill in 2011 said that now I‚Äôm okay what I did in past it was because of depression now I‚Äôm only Simple human being not a Messiah. Then he left for US and start preaching that I‚Äôm prophet and Messiah. So the young boy was trying to confirm that he is or not,0
633,@TheFatBoys how awesome that you want to help!  i've told ppl around my work and am collecting more and more to drop off @ my concert!,1
926,I have been mad suicidal lately my bf called the cops on me and I had to go to the psych ward for a few hrs but I managed to talk my way out. Feeling defeated #mentalhealth #mentalillness #depression  pic.twitter.com/mlVhwHBhvX,0
634,@tw33tiebyrd I'm so happy I got 0.5cc's of liquid gold pumped tonight! It'll just keep flowing more now hopefully helping her get strong.,1
480,"Despite my random lack of energy, I am *really* happy right now ",1
108,Is ka koi hal hy hi nahi.. depression and then sleep .. koi cheez motivate nahi kar rahi ajkal,0
299,"@allevin18 Sadly, I feel a lot of deeply depressed souls have developed an incredible way of masking their depression to the world, in fear of being wrongly judged.",0
826,"Many sufferers of depression aren't sad; they feel nothing at all, or a persistent and nagging anxiety.",0
206,very happy!! coz he went h0me na!! haha.. i'm very excited for sunday!!,1
181,Watching the sound of music  happy place.,1
994,@CatalinaCruz its so good and so nice ;) haha that i will  hope you're having an awesome day!,1
479,@LenkaMusic won't you share a pic of your awesome hotel room view for your fans on twitter?  can't wait for your concert on monday!,1
771,my depression mainly manifests in apathy for everything and nothing giving me pleasure so to have passion coming back for the things I like including makeup and wanting to start new hobbies.... that's really neat,0
390,happy mothers day to all..im gonna help mine right now.she deserves it..you guys should too..,1
681,"Looking ahead, ready to make this an awesome week. I want to get to Sunday night and know I totally rocked it! Here we go, woohoo ",1
443,@Mileycyrus said hello to hk ... im soooo happy ... luv her soooo much,1
461,The ADD and Autism are known the other. The depression and anxiety are not officially diagnosed but are no surprise  pic.twitter.com/THE7p8xxKZ,0
902,@mileycyrus I love you o most awesomest devine delight of my life  How's my memory lol,1
543,"with depression. On the other hand hes misinformed on hyperfixations, it was stupid of him to speak on a subject hes uneducated on and i encourage he take 5 minutes for a simple google search. A formal apology about his past will only gives more ammunition to the people that+",0
730,@SadeXposed thankies,0
76,My fave drummer @trvsbrkr did a remix of my fave rapper @Eminem's 3AM! I can die happy now   (http://bit.ly/KXAcG),1
159,"Really bad take, what would you have him do? Not try and help because he has money?

Obviously have more money gives you better options, but it does not fix everything. I was extremely poor for a long time with depression and i beat it.",0
195,when you had a good day but the depression kicks in and drags you into a hole of loneliness and sadness,0
944,wolverine = awesome,1
647,"People are so biased these days, they follow anything said by their favourite person blindly. üôÇ, whatever it may be the truth will prevail, what I think a person who is in depression  will not be able to learn coding,may be commoners won't get that.",0
345,@IWillKing when did u become so awesome? Lol,1
543,once libertas get 0 seats i'll be happy  #eu09,1
77,@lopezwilfred Yeah. Me too. Will lookout on your tweets too. Happy Tweeting,1
953,@siana_mia So happy our Sox won today!,1
558,"It‚Äôs absolutely free & all you have to do is join my group to take part in the challenge.
Click here  https://www.facebook.com/groups/436237693914544/¬†‚Ä¶ to join & please answer the group questions
#mentalwellbeing #mentalhealthmatters #mentalillness #anxiety #depression #lockdown",0
598,@luvara :O no fair! *hug* happy birthday though,1
149,"Today's daily cycle of over thinking and depression came a lil early, happy Wednesday :-)))))",1
141,@lebrect52 Just wanted to say hi. Once you get used to twitter-it is the best. Met awesome people here. Take care,1
385,Everyone follow @madierox coz she's awesome town.,1
286,"Alle haben Spa√ü, au√üer mir. Warum? Ich sitze lieber zu Hause, weil das weniger Stress bedeutet und angenehmer ist.
Und dann bin ich neidisch auf die gemeinsamen Erlebnisse der anderen.
Danke Leben. Depression kann so schei√üe sein.",0
399,Eww lol my twitter looks depressing lol happy time  out eating breakfast  ooober hungry! Ice cream shall b my eggs lol,1
776,organic wine kills. and and also: happy birthday old morrissey,1
477,"ha, everybody is saying goodnight to twitter @heycassadee Twitterroos @selenagomez night  umm ok thats it!night!",0
567,@hsivaram awesome  it was an amazing talk,1
512,Happy Mum's day ppl,1
478,Depression is a mental illness and I thought y‚Äôall was ‚ÄúHelping him‚Äù,0
637,"Still ready to die on the hill that Captain America died a virgin. Peggy carter didn't give him shit in the past. 

Spent a lifetime there drinking and wasting away in depression and then he came back and lied to the avengers.",0
779,"@Jonasbrothers Sounds awesome! I hope you're having fun, and I can't wait to see it! Good luck with the rest of rehearsals! ",1
681,the problem is that when you are in the grip of heightened anxiety or locked in the pit of depression this isn't necessarily true. Anxiety and depression can rob us of agency. Sometimes we need help and intervention.,0
867,"No deadass, when I'm having a bad depression day I swear I'm not ignoring you I just sincerely lose the ability to understand words  https://twitter.com/_dafnyy/status/1289387815919222784¬†‚Ä¶",0
875,"Having survived many episodes of loss, failure, disappointment, bad relationships, bad jobs, poverty, depression, health problems, career setbacks, toxic friendships, I come to realise that most worries in life are exacerbated by our fears and attachments.",0
981,I‚Äôm sure my mood is more important to my emotional well being then random people acting like complete fools on twitter or in real life. Once I solve my problems relating to depression and anxiety I‚Äôll probably be fine. It‚Äôs just too much sometimes.,0
125,"Take it back, don't trust my friend. Not depression break or anything just want to vibe with irl friends for now. Hoping to get better Sea of Thieves (possible content for channel) and vibe to synthwave.",0
956,Another piece I've written today #mentalhealth #mentalillness #anxiety #SuicidePrevention #depression #Autism #ItsOkayToNotBeOkayEP13 #EndTheStigma @JessieJoeJacobs @opti_me @PropsMHealth @TalkandsupportJ @messy4mind @mhwshow @BBDCbook @randcmind @RCAmbassadors @ctempestoso1 pic.twitter.com/EH9gqRVtyp,0
865,@anniewetherbee just make sure your happy alone before you share your life with someone else.  How old are you?,1
192,So happy for my brother and sister-in-law right now! Keeping my fingers AND toes crossed!,1
62,Happy Birthday @PCIGU,1
244,thinks you should read her real blog: www.lisarcastic.blogspot.com  it's awesome; like me *lol*,1
251,As someone who has struggled with depression and suicide ( 2 attempts) I can say logic is soft as tissue paper for letting what's said on a podcast cause him so much grief. My nigga I didn't know where my next rent check was coming from and had 2 kids and a wife to provide for,0
871,"@amyerichards Happy mother's day!   If you were in Guatemala, there would be firecrackers at 4am in your honor!",1
43,"@TwilightFilmz Not too sure but there was a message on his Facebook asking people with depression to talk to someone etc, so a sad story it seems.",0
739,why does mikrokosmos give me post concert depression üò≠ I haven't even been to a concert üò≠üò≠üò≠üò≠,0
275,@poutkyuns I have depression too and I start counseling next month.All I want is to be happy again,1
666,"You seem to forget that more jobs have disappeared on your watch than in the Great Recession. The GDP is as low as the Depression. Trying your false distractions again. Resign now. The families of the 150,000+ who have died d/t your negligence will vote against you.",0
957,"When I was 21, I moved back to my parents home with depression and sadness filled me. I had very hard years to go through.",0
829,@effyobie OMG THANK YOU NIKKI FOR VOTING FOR HIM! YOU'RE AWESOME,1
293,"expressing frustration, depression, and anger about the lockdown situation (especially in america) but also adhering to it because you know it is the right thing to do are two mindsets that can and should coexist",0
460,"Depression is a serious bitch. It weighs each of us down differently. I know it's almost gotten me at least a few times. Take your time, do you.",0
9,Just a simple girl..oatmeal makes me really happy in the morning..and the blooming wisteria,1
444,has post from Logical Awesome! It's an envelope full of Github stickers! Yay!,1
822,"Desperation always causes some, otherwise lawful people to commit many crimes, theft, abuse, murder, beatings. The incompetence of the current POTUS will long be remembered as causing the greatest desperation and depression the world has ever seen. Thanks Donny!  https://twitter.com/maggienyt/status/1289917970702127111¬†‚Ä¶",0
1,"At 18 this was me too. The only difference was I didn't have access to drugs, I was on depression and anxiety meds, seeing a lot of counsellors too, because of everything that was going on. But I'm now just turned 21 a day ago and happy.  https://twitter.com/biebosbitch/status/988485758792105984√Ç¬†√¢¬Ä¬¶",1
452,"She was awesome @CoronadoCookie http://twitpic.com/6tz24 Pic is misleading. She was bigger IRL. She was going tanning, not laying up eggs ",1
216,@mnstrsnmnchkns  it was a happy cry..,1
929,@MarisaOConnor Happy Birthday! I hope your breakfast brunch burritos were as astounding as they sounded!,1
952,for once in my life i have top say i love yall int he univerese and i belive  happy days peeps,1
875,"–õ–∞–¥–Ω–æ , —ç—Ç–æ –≥–æ–¥–Ω–æ)",0
427,anxiety and depression are very real but don‚Äôt use it as an excuse to be shitty,0
893,If someone comes to you for comfort when dealing with anxiety or depression or any mental illness for the love of everything do not go into a story about the one time you were anxious or really sad,0
26,"Have a pic of Harry Connick, Jr. strategically placed in my office for continuous inspiration and constant swooning  #happyclam ",1
408,@ptvjaime Happy Birthday Hi-Me,1
350,"morning twits happy sunday ya'll, from a sunny Durham ",1
312,Good Morning Everyone! My heart is happy and smiling this morning. I hope your's is too,1
983,@ednarheiner ill be happy to tweet with ya as well  &quot;tweet tweet&quot; lol.,1
307,Happy Gilmore is on,1
252,Proof that you will never know that the person you are hanging out with is suffering from depression and they have mastered the art of hiding it well. Be kind. Be gentle.  https://twitter.com/toymango/status/1289823112259760129¬†‚Ä¶,0
21,"My substance abuse has fuelled a massive change in me, my MH and my depression.

As I flourish and develop I wonder if I'm just killing the braincells that make me depressed or if I'm actively routing them and developing new neural pathways away from them.

#neurodiversesquad",0
662,is so happy she has tomorrow off before starting summer school hours on Tuesday.   I'm going to enjoy this long weekend business!,1
964,@heycassadee hi cassade hope your having an awesome time touring.,1
703,is so excited!! Ready for the awesomeness of the communal driveway!,1
472,"Research has shown that green spaces, whether indoors or outdoors, can lower symptoms of anxiety, depression, and other mood disorders, as well as make us feel more socially connected.  http://ow.ly/vZJG50AMkvq¬†",0
880,@heylandsberg @sadTOsportsfan Everyday presents a new challenge. I'm doing my best to make sure the world knows... It's ok to have depression and it's not ok to put other people down #love #peace #chainlink<Emoji: Link symbol> #supportmentalhealth,0
578,"I remember wanting to be a medical examiner or coroner all throughout highschool and i was actually super into it, then depression and other things hit me hard and all my passion and interest for most things in life faded away.",0
42,"@TrustNoOne69 awwwww, you deserve to have this team dedicated to you, cause just simple: You are awesome! ",1
487,"..my mother just WON the City of Terrell, Texas District 2 'City Council' Seat  ..i'm M.i.A lol HAPPY MOTHERS DAY",1
993,Is remembering how awesome service was yesterday,1
379,"If you don't think your anxiety, depression, sadness and stress impact your physical health, think again  pic.twitter.com/OeBRRYGZvM",0
811,@adrianacisneros yea! the insurance is gonna pay for it all! I was so happy! lol I'm taking it tommorrow,1
653,"...YT. It made me so happy. You guys are so amazing. I love you all... Thank you  Oh, and goodmorning, may your day be as good as mine ",1
161,@MyNameIsGaron Thanks for sharing Garon! Fellow anxiety/depression and effexor pal over here. You are awesome and it's huge step. You deserve to be content and fulfilled and loved (by yourself and others!),1
509,"Well the video preview in search results of Bing is awesome , Go Bing ",1
720,I tell you depression is a real thing not just an ordinary sadness. Sape yg penah rasa je tahu sakit dia cm ne <Emoji: Relieved face>,0
947,Depression & alone,0
849,@itswendylou Thank you  Happy Saturday to you too!,1
418,"She's not a 'medical practitioner', no Hippocratic oath.She's a clinical psychologist. I think it's a BSc or MA or fellowship degree. She's just supposed to do initial counselling & refer to proper MD psychiatrist for further treatment.not use terms like 'bipolar', depression",0
255,My thoughts are with Josep Illicic. Depression is serious. His wife should be ashamed it‚Äôs disgusting to cheat on someone,0
580,Is soooo Happy cos things have changed .. and 4 the better,1
916,@sadknob  good thing P &amp; K have their day jobs!,1
900,"@YTD_QF don't shut down please, just keep upgrading up up and up, flow smoothly and be happy ",1
322,Going to work hungover is awesome! Lol good thing there coffee and swiss rolls,1
467,"YES! AWESOME! Federer moving on to Finals, I believe ",1
714,"@markhundley Mark, you are so awesome! Thank you ",1
704,"@shawn7155 If I don't get a chance 2 talk 2 you before hand, have a most awesomest weekend &amp; I'll miss you! Be safe and be well.  Love u!",1
446,No. Only when I feel stressed. It all depression anxiety related xxx,0
161,It's sad when you realize that depression is your only true friend..,0
986,this is depressing. i‚Äôm depression. hi can someone take these FUCKING ******** AWAY PLEASE I DONT WANT THEM,0
985,i luv the #musicmonday its awesome,1
897,@amber_benson awesome..what did you tell her? No?,1
586,please please if anyone has experience with depression what has anyone important in your life done that really stuck with you? how did that person(s) get through to you and genuinely HELP/CONNECT? please any advice is welcome ü§ç,0
974,1 season of depression and suffering is enough,0
738,@JMatthewFlyzik http://twitpic.com/666hg - they look so snug and happy,1
798,hope everyone has a fabulous friday and a happy &amp; safe holiday weekend! XOXO SUMMER,1
388,"Buti na lang talagang may wattpad 
Salamat na lang 
Kundi lunod na ako sa depression
üåî",0
108,My Kiery makes some seriously awesome bread... yum,1
749,Est ce vrai que #AidanGallagher √† tenu des propos d√©plac√©es envers les personnes souffrant de d√©pression et les bloqu√©s de son live ou aussi fait croire qu‚Äôil avait le cancer et qu‚Äôil forcerait ces fans √† devenir vegan ?,0
673,I firmly believe that feeling the pain is the first and most important step to Happiness. #Feelthepain #feelthepainfreethepain #itsokaynottobeokay #mentalhealth #mentalhealthawareness #depression #depressionawareness #happy #happiness #iamhappy #behappyüòä https://buff.ly/3fjKSrN¬†,0
296,"But then of course there's the dark side to the lifestyle of a DJ with the stress and anxiety, it just makes me sad because people think DJs have the glamorous life but they don't, there's the struggles, anxiety, stress and depression and it really can push you off balance",0
802,My heads pounding. Off to bed! Bet you'll be happy with the 12 hours i'm not twittering again and again! lol nite everybody,1
531,Song Of The Day..... RUN DON'T WALK by HEY MONDAY.... cassadee rocks out like 24/7 love her,0
151,@heycassadee hi cassade hope your having an awesome time touring.,0
422,@Chaelala Happy birthday Chaela! Love yoooooous.,1
423,ALOOOOOTTTT of ppl suffer from depression and dont even know iy,0
172,so happy,1
505,Why depression? Feeling lonely that's why depressed or depressed that's why feeling lonely,0
57,@asad_afzaal Its not depression if you're like this since YOU ARRIVED IN THIS WORLD.,0
209,Finally decided &amp; looking forward to my month relaxation &amp; happy times with family &amp; friends,1
30,Guess who deserve happiness ? Instead of depression,0
531,"Watched my Dad die with double pneumonia and lung sclerosis. It definitely isn't a lovely slipping away. She's a horrible person and really you'd think as she's written and spoken at length about bee own battle with depression, she'd attempt to be a better human. Vile. üò°",0
137,"It was heart üíî speech by him OMG. .. 5 years , coping with stress depression anxiety nd still he did best and at the end he's unemployed , stressed and broken . He lost Monetization üò£üò£üò£",0
16,@AtomicLola AWESOME!  I'm glad you liked it!  I'm so jealous!,1
702,"I've found, at least with my depression l, that I go for so long without feeling anything, that when I do end up feeling something it's almost always *too* much of that emotion. It's hard to control in the moment it's happening.",0
787,Happy National Day all of Norway  Hipp Hipp Hurra for 17 Mai !!!,1
235,"if you think I'm okay, but inside I'm not okay.üòîüôç‚Äç‚ôÄÔ∏è
Depression is not a joke.üòî

Fighting self.‚úä  pic.twitter.com/zDyGTr7tYb",0
49,Happy two year anniversary to the best gurrfrann in the whole world,1
791,Perfect day in West Cork  A big happy Hello to everyone,1
600,"Xeyrox qui pour le coup √† d√©truit le serv de GloryStar plus de 2 fois, histoire de le mettre en d√©pression lui et son pote (qui n'est pas LFDP)",0
609,Love you guys! I'm going to work in a few. Know why I'm so happy? Cause I get to sleep tonight!,1
393,"had an awesome and exciting morning run: met a streaker, wild pigs and a rabbit in the woods; Fannie and Sophie were beyond control ",1
543,I‚Äôve got post-night out depression,0
338,@schnappupdates @sadbyIer @bylertrash @gaybyler @HipWillByers @BlitheVigor_ @WlLLIAMBYERS @gldfinches @noahsfool @blushybyers @goodbyerichie Here my loves. They have many amazing fics for these two. Especially stuff that should've happened in Season Two a,0
589,"@propagaxxa @bribearxoxo Technically speaking, antidepressants tend to make people who are diagnosed with depression more saddened than they were before. At least the first few months of taking them makes their depression worse.",0
10,is being lazy   its awesome!!,1
578,"I‚Äôm really beating the fuck out of depression‚Äôs ugly unnecessary unneeded unliked ass the last few weeks, I had a couple spells but I‚Äôm finally back being goofy and laughing at everything like spongebob",0
392,"""Publishing For Everybody - Titles from: Jim Ferguson / Lesley Storm / Stuart MacGregor / John Herdman / Visit Our Website! \ud83d\udc4b Fun \ud83d\udc4d Safety \ud83e\udd19 Creativity"", ",1
318,@mileycyrus You looked awesome on the Awards. Congratulations for winning.  You deserved it.,1
64,"@maeband Amazing show in Salt Lake! Loved it, super special awesome! So many words to describe it!  Thank you for all your hard work!",1
558,I'm happy and content,1
953,"@YankeeGirl20 wow...that would be awesome! i need a notebook but can't afford one, thought this might be a good &quot;inbetween&quot; thang ",1
682,@thisismyiq Happy Birthday hope ya day is filled with joy,1
886,Pretty awesome day today. Made lots of decisions. Only 12 days till Nationals start,1
841,@eddyizm so they're all torn up and awesome and look all dragged around.. but not TOO dragged around  dadblasted rain crampin my style,1
184,"@Cazzacookie68 You've probably already decided what you're going to do, but I'm not sure this person actually understands how hard depression is because they are trying to make you feel bad for not wishing them a happy birthday, so... But anyway we are al",1
52,"Love & miss you all, let‚Äôs have ice cream to cope with the post concert depression with all of you soonü•∫ü•∫‚ô•Ô∏è @nachimkookie @TheKatCat @almost_myself @wohingenav @hwasmoonchiId @xfarah_x @skymintz @diesemxry @hyejumoonlight @yohhhchangbin @Tuhopolttaja Happy #andthatsthechris day",0
626,@byatrobe busy! tho busy in a v diff way fr how it used to be. so far so gd..happy  thanks for asking!  glad to hear ur shoots' gg well!,1
864,Depression naps tho :(,0
610,Happy Birthday to me!,1
349,oh the rudeness morning twitterville  HAPPY HUMP DAY,1
646,5th grade was the very slow start of my severe depression but it went full force in the beginning of the 6th grade.,0
252,So deep in my depression that I just don't care about anything. Everything is lame.,0
593,Decreasing my availability to anybody that likes to project their bad vibes on ppl around them when they get moody or in their feels... I don‚Äôt wanna hear that depressed shit. Depression & Respect .. 2 dif things... that shit wack to me.,0
787,Happy 5 months babe!(: I love you so much and you make me the HAPPIEST girl in the ENTIRE world.,1
25,is happy to see @nextlevelent  ...missed ya punkin,1
425,"Happy #WellnessWednesday! Did you know #massagetherapy can help with symptoms of depression and anxiety, hypertension, and more? Visit our website to read our Research & Resources page and book your next appointment online! #yyc #massagecalgary #yychealth #yychealthyliving #rmt pic.twitter.com/jnSRMbDASU",1
558,"n acredito q o meu ver√£o vai ser isto, no wonder my depression is the way it is",0
606,"is happy for BFF.  Gujab, Lakers!  http://plurk.com/p/x4gcx",1
107,"I got the cuddles and besitos I wanted, yet my ass is still sad. Damn, depression is wild <Emoji: Sneezing face>",0
757,(c) all around us and I just shake my head.:: My apartment looks like this because I have sunk into such a depression that I have no desire to care anymore. The only brief moments of clarity that I have had where I could actually breathe is when I was out with a friend as a (c),0
263,"Goodbye oppressed town of Colorado, Hello HAPPY town!  Not going to let it bring me down!",1
23,happy mothers day! im gunna crawl up in a ball and act like i dont exist  lmfaoo,1
894,"@adamrocks Oh you've watched 3 already, awesome ",1
228,"Sitting on the deck with Robert Holden, author of Be Happy.  A beautiful man and gifted coach. I'm happy ",1
739,Sir hum students future hai india ka yadi hum hi mentally Or phycally disturb ho fahe hai exam ke karan kya rah gya hai pdahi me ab 8 semester me se 7 semester ke exam diye hue hai kya unke marks ke adhar pr humko promotion nahi mil skta sir sabhi students depression m ja rahe h.,0
613,http://bit.ly/12TOOU  yayyyy  I'm very happy right now,1
229,"But also for those modeling jobs, I think that the scarring from this surgery would be much more of a deterrent than being a couple inches too short.",0
817,getting ready the with minnie and @vicdelesseps.   so happy,1
717,Ok I'm sad depression nap time <Emoji: Sleeping face>,0
352,"I understand life and reflect on it well, and sometimes I face accidents. But I quickly return to my consciousness because I do not want to go back and fall into the depression hole. My life has changed now. I love my family very much.",0
129,@kuttyedathi aw.. that's sad.. enjoy the working long weekend then..,0
835,my depression. I've had it for years now. feels like too much of a burden if I still talk about it. I've just entirely stopped telling people now.,0
287,Holy shit! I saw a tornado today &amp; I got some SWEET pictures of it from the roof. I've always wanted to see a tornado. It was awesome!,1
586,She may know him very well but not know psychiatry very well. Depression can manifest in many ways not all of which are obvious to people around (also she was an ex-gf so I don't know how close they were). But I'm repeating myself & obviously it's not getting across so I'll stop.,0
331,HAPPY MOTHERS DAY TO ALL YOU MOMS!!!!!,1
794,is happy that @lilyroseallen is recording a video for 22 defo my second fave of the its not me its you album,1
239,I hate so much that this happened to myself and my family but I thank god eternally he protected all of us. üôèüèΩ but I‚Äôm not ready to go down this road of depression again. üòîüòî,0
249,@HayleyTxxx hey!  YAY! thanks!  wow ur page is awesome!!!!!,1
123,@AlissaDoan The truth hurts,0
390,watching a cheerleading competition on ESPN2. happy days,1
70,nobody talks about how anxiety and depression can cause-  https://twitter.com/_kingthebarber/status/1289382851490615296¬†‚Ä¶,0
785,Memories from last nite are all happy,1
750,"Thanks to they guys at Helly Hansen in Bozeman, MT I got the rubber player in canary!!!!!! Happy late bday to me ",1
661,"@owlonthesill oh the poor birdies! actually, they're prob happy-means the worms will be out! ",1
882,@neveroutDONe be proactive in being happy,1
338,@Ryker_x2018 I have a mental health illness called Depression it basically means I'm sad a lot and it's hard to get better,0
302,@RealBillBailey last nights gig was AWESOME!!! You rock!,1
404,"@xVAHx maybe they just dont get it, bcoz they don't even know who you are. even me. and i rspect thatanyways, be always happy ",1
497,"habis lunch sm illa,fifi,malche.. So happy to see them..  http://myloc.me/40CP",1
942,"@nottheword yum, yum.  I love quesadillas....and wallpaper for that matter tooo ",1
737,If you ever want to look as awesome as this...You should treat yourself to one of our tote bags :]Just like @NicoleDivide did!<3We support those with depression by donating 50% of our profits to @MindCharityPlease re-tweet! http://InMusicWeTrust.co.uk√Ç¬† pic.twitter.com/X7qxH7chID,1
498,"@MasaeAnela happy birthday! I know I barely talk anymore, but I want you to know you're my biggest art inspiration ever, someone who's saved me from my depression, and always brings a smile to my face. Thank you for everything you do. You'll go so far! My",1
937,@ WildstarB - Happy Rezday Captain   - and that was quite a party!,1
651,Just had an awesome Sunday evening out  cider and curry= nom,1
889,@LaurakBuzz sadly not as deep as i thought. But I think It's farely difficult to describe paralyzing depression and the struggle to stand up for your rights.,0
867,today would be a perfect day for a wedding!  happy wedding day @lifeasjean and @ryancmartin!!,1
51,"@TheRock  You are brilliant, love your compassion  and humor and class, an awesome role model especially for children and young adults.  So happy to see you being so forthright about your mom and your mental health challenges. One request please, go deepe",1
774,@samdiazzz i'm so happy too!  can't wait till august rolls around... can you say game OVER!? its going to be a sad time for his groupies!,1
623,Had in awesomeee day )!! YAYAY  haha that rhymed.,1
430,Is There a Link Between ADHD and SAD?  http://psy.pub/2EQYvAP√Ç¬† #ADHD #parenting #depression #mentalhealth,0
476,This 2018 edition of Venom hittin. Eddie is so inspirational. Bro doesn‚Äôt know what he has to live for or what he‚Äôs really fighting for. He‚Äôs just doing it to fight back against ‚Äúthe darkness‚Äù which I interpret is also synonymous with his depression.  pic.twitter.com/3HhfPdj4Sh,0
617,(Btw this speaks not at all to mental health or depression from a clinical standpoint.  Just communication with self.),0
41,Took nearly a week break from drawing because depression was kicking me hard. Hopefully by tomorrow I can get back into it.,0
521,Happy Sunday Tweeple...  Live your dreams and make every day count!!!   Continue to spread Love and Joy to others...,1
303,"@Mage I prefer purple. Especially when combined with golden, the two colours look awesome together ",1
461,Happy Birthday to my sweet boyfy!!! Turnin 22 years young!,1
537,@NadineDorries @campbellclaret is such a vile hateful individual that it has manifested it self in him as 'depression' from which he says he suffers. Is it any wonder? Rees-Mogg on the other hand is a happy decent individual,1
990,@katalystkaryn don't feel bad I'm about 10yrs older than you. Life is still great! Be happy &amp; positive.,1
810,"@sethsimonds I am grateful for a great marriage, awesome kids, and a business that rocks! I guess the rest of my family is ok too. ",1
796,"@tmstier Thanks  feeling justified to hear it from someone else. btw, LOVE the maternity photos--so beautiful! Awesome setting w/the bed.",1
786,Bon sens il s'agirait d'arreter d'utiliser depression √† tord quand on est juste une grosse salope,0
342,"@DJSMOOK Was great !! laid down the final guitar rhythm tracks for two songs, and it sounded awesome after it was mixed ",1
336,"@ddlovato So basically, I believe you are a sadist. The building of anticipation was cruel and unusual. Yes. You are a sadist. hahahaha ",0
199,"""Children's poet; workshop leader for schools & libraries. Website: http://poemsforfun.wordpress.com . Email: katewilliams.poetry@gmail.com"", ",1
221,Well it was a great trip but I'm so happy to be finally headed home.,1
68,having an awesome day! cant wait until tonight!! ahahahaha!! word of the day; piercing.  &lt;3,1
953,Morimoto for dinner.  Happy birthday mommy! &lt;3,1
614,,1
404,dancinggggg      you've made me happy,1
572,@AngeJayT haha exactly  and the kiss was just awesome  Team Edward alllll the way!!  what about you?,1
843,Connaissances üôÇ                                   Rapprochement ‚ò∫Ô∏è                                  Sentiments üòç                                          Eloignement...ü•∫                                      Haine...üòí Depression.üò™,0
231,On that happy note I'm heading off to bed. To-recharge my chi for tomorrow.  Good-nightweeps!,1
711,"Yes. #WhiteWorkingClass boys are being failed when it is fed to them-either directly or  indirectly-that their gender /ethnicity is redemption/ entitlement.  No one cares about their high #suicide/self-harming rate; despair/depression.

I taught guys like this when I was  teacher  https://twitter.com/iealondon/status/1289923909056438274¬†‚Ä¶",0
900,The usual. Depression.,0
457,@paulissima real life is offline too ... don't worry then ... be Happy,1
582,Being sad in cold weather is called seasonal depression. Being sad in hot weather is called a country song.,0
176,"It's a  few niggas who can put up with a shorty who suffers with depression and anxiety , who's always seeking reassurance , a shorty who has moments of overwhelming sadness for no reason .",0
838,Get an awesome twitter background  http://bit.ly/bgtweet http://bit.ly/custombg,1
339,"We can't guarantee you'll turn into Superman, but after consistent usage our customers are now feeling SUPER!!#cbd #fabcbd #fabfam #fablife #happy #honest #superman #hemp #sweet #ocean #breeze #tech #cannabiscommunity #sqad #depression #anxiety #help pic.twitter.com/GgbPTcFYKs",1
963,Why do they call it a happy meal if it tastes like a whole lot like depression?,1
933,@PaulaAbdul good morning! have an awesome time in NY!  and make sure u relax after all ur work! i luv u!,1
782,"Ich darf gar nicht daran denken. Es ist zu traurig. Was w√§re wenn,bringt nichts au√üer Depression. Es ist nicht zu √§ndern,es ist wie es ist. Damit muss ich leben...#shithappens",0
197,"These were some of the ones that legit gave me post-game depression.

A bit difficult to choose between RDR 2 and Witcher as I loved both almost equally but this is my definitive Top 4  https://twitter.com/ChronoKatie/status/1289322412325175301¬†‚Ä¶ pic.twitter.com/Ubrte40lFc",0
790,But the economic surprise (a full blown depression) may take quite a bit of the wind out of their sails and trump will have foiled his own campaign strategy! How Ironic!,0
645,"Bored at work, esp after Disney yesterday, which was amazing!! Cannot wait for this weekend!!  (Though I am sad Sarah's leaving me.)",0
203,"@LauraRepetti i tested on an old shirt first, which was good coz they failed, but the two i did properly look awesome ",1
235,@zacharyquinto awesome pictures of you with the president.,1
62,@markhundley hey Mark...today was GREAT! hope so for you too! happy monday by time you see this,1
495,@fureousangel  I recently did a Matrix Trilogy sitting..that was tiring but awesome (Matrix Trilogy is my favorite sci fi film story),1
464,The stimulus won't propel the depression David. The stimulus delays the inevitable and makes the hit worse when it happens.,0
963,very very very happy and slightly skinny  xx,1
637,@halfmar dude you're writing a song?? i'm sure it'll be just as awesome as the twitter song,1
819,"Loneliness, physical activity and mental health during Covid-19: a longitudinal analysis of depression and anxiety between 2015 and 2020.  https://www.medrxiv.org/content/10.1101/2020.07.30.20165415v1¬†‚Ä¶",0
189,"@Monica2112 Oh don't worry, I don't mind if you are.    I'm just happy u want to meet me!",1
725,@Jonasbrothers yay!!!!!! I'm soo excited for the concert!!!  And I'm happy that ure YouTube account is back!,1
657,"i had bad experience with a fandom, and i loved this group. they helped me with my depression/anxiety during college, i was obsessed w this group for years. but the fandom got worse. i still follow the group and listen to their music tho, i just don‚Äôt interact w them.",0
207,Happy Mother's day to all the madres out there.,1
396,@TanmoyDas That is my fav song! esp the parah.. reh bhi sakoge tum kaise hoke mujse juda.. phat jayenge deewarein sunke meri sada,0
956,There is concordant ST depression in V3-V5 in the setting of RBBB. The posterior/inferior wall is suffering. This patient need a left heart cath ASAP. Maybe PDA is the culprit.,0
90,"@azmomofmanyhats Thanks, Happy Monday! I hope you have a great day ",1
961,i would love a poster of the last panel of the today's QC comic  so awesome.,1
115,"Extreme sadness, lack of energy, hopelessness, irritability, trouble concentrating, feelings of guilt = symptoms of major depression.",0
730,So what do you do when depression hits hard? you dance around to disco music obviously üòÇ it helps your dance skills when your cat is trying to attack your leg while getting down  to staying alive lol,0
12,depression is not a fucking joke bro,0
120,"H8 when people self diagnose or make jokes about depression, addiction & domestic abuse. ur not depressed, ur sad. ur not an alcoholic, ur 23 n drink on weekends. n it's not funny to make jokes about ur bf/gf beating u",0
284,Happy late morning (my time) everyone!,1
540,"Your gonna keep me happy tonight at all costs.,. Thanks Kurt  @kbuech: Hinder √Ø¬ø¬Ω Use Me ? http://blip.fm/~6ijw7",1
947,@tanejamainhoon @TrishaBShetty So awesome to see this happening in India finally ... I know exactly how it feels ...As I have been struggling with depression for 18yrs now ( & continue to) ...So it is frustrating when family & friends don't get it that wa,1
879,@lintman That's awesome - what a funny picture (bout the monk) - I love it,1
288,Listening to @joshfullermusic... it's awesome!!!   Link: www.dirtanddiesel.com. check um out!,1
346,Depression trynna creep its way back in my life like lemme alone üò≠üò≠,0
326,Depression and anxiety are hard enough to deal with as it is . Can th world please just go back to normal please .,0
111,I want to share a thought... This is time of distress.... People go into emotional & psychological depression.... Here it's not about money... But a feeling of someone u can talk with and feel reassured....please reach out to people make a call...please....... 2,0
635,@MonBon_afide OMG so awesome!  You guys will have to tell us all about it,1
835,"Wow,ganasnya pukul dadaüòÇ,dulu masa kecik mak kata,saya selalu hentak kepala dekat dinding, doktor cakap saya memang ada anxiety dengan Depression daripada kecik",0
871,"@jeremy_lim ah awesome man, good to hear! Felt like it went well on the night too, really enjoyed it!! Can't wait to come back now ",1
883,@pauladeasis Happy birthday Paula! Have a good one.,1
895,"Norway won, im soooo happy, &quot;i'm in love with a fairytale&quot; and he is craaaaazzyy hot -Alexander Rybak, i think i'm in love!!  &lt;3",1
553,"I agree and also don‚Äôt like labels. I have CPTSD, depression, anxiety but they‚Äôre not WHO I am. Who I am is a child of God, a spiritual being having a human experience and I am no better and no worse than anyone in the face of this planet.",0
505,@mamaspohr that's awesome isn't it?  made my moment!,1
309,"@ddlovato Dude! Edward Scissorhands is awesome... but you need to pack, girllll!! Don't forget your toothbrush haha. Have a blast ",1
244,"[Depression] Ah, are you feeling okay...? It's okay to be sad, just don't forget you have people who care about you.",0
8,@Sunshineliron that was awesome!!,1
202,I gotta touch on that bc it's a huge difference between being sad and having depression..,0
812,i haven't really ever surrounded myself with people who are as funny as me and maybe thats why i have the severe anxiety and depression that i have,0
625,Ooo just joined Kara's club  Awesome Karadioguardi.com  xx,1
115,"@SuperCori haha, me too...we're awesome. ",1
69,"Staggering' Increase in COVID-Linked Depression, Anxiety  https://www.medscape.com/viewarticle/934882?src=soc_tw_share¬†‚Ä¶ via @medscape",0
890,Happy bday mom and Tommy!,1
805,another 30 mile bike ride to Mequon and back - took a much more sane route   Lake Drive back into town is awesome!,1
363,what a wonderful DAY. Scott is AWESOME! I'm so happy.  night everyone!,1
793,@dgottesman Happy Birthday!,1
789,"@nicolerichie Yes i remember that band, It was Awesome, Will you please reply ",1
381,"I don't even think I have depression, honestly. I think I'm just sad and lonely and lazy. Mental illness has been a convenient excuse for me.",0
937,Running is my happy place - it helped me to overcome postpartum depression and continues to help me cope with life while also providing a workout to stay healthy. https://ift.tt/2HtOAPF√Ç¬† pic.twitter.com/QVXStW5eus,1
548,Gogol bordello was awesome. really nice night,1
26,"is happy, which is good. planning on walking to school and listening to the fray. funtimes ",1
90,At the melting pot! Happy hour. Yumm.  I hope I don't get bad gas from the cheese n beer LOL!,1
569,Its ok not to be ok #Depression #MentalHealth #LoveLife #WorkHard #Smile #Happy #beautifulLife #LoveLife #Goals #KeepOnTrying #SummerIsComing,1
371,"The beach was awesome today, now for some food at spoons! ",1
628,I cut my hair really really short the result is a bit strange but awesome  I kiff xD,1
606,No I blocked everyone because I'm done having trust in most people I encounter it's bad enough dealing with Depression so I need no more sighs and my name used to also be Depressed_Wrld but I could care less about the last argument we had anyways suicide/depression is real.,0
320,Happy mothers day to all mom...,1
2,Going through depression this bad really makes you see how many people you really are indivisible too. #DepressionIsReal #depressed,0
30,"When I got depression diagnosis, started medication I could'nt tell the reason to my family. Bc the reason is my mom",0
393,I think my next solo compilation is gonna be pretty awesome. I've recorded some good stuff IMO. (Including Lazy Eye gtr lead 1 today.),1
623,I found out today that I get to fly to HK again.....weee  me so happy,1
195,"Another problem: Mothers will bring their newborns for a well-baby visit, but many skip their own postpartum 6-week visit where depression and other potential life-threatening problems may be diagnosed.",0
40,@MysteryGuitarM Happy Birthday! May your day be spent so well that you will never recall the events of said day and night,1
68,"@MJJNews ur an awesome source to follow for all MJ news, especially with the tour  cant wait, keep it up!!!",1
849,"Just interviewed the most amazing person. She beat breast cancer, homeschools and hula hoops and that is awesome. ",1
553,...Oh! Happy MONDAY!,1
975,On my macbook  Inviting Friend to Twitter  and Happy Mothers Day,1
168,"@Popehat @zentropy_ @JeremyRJenkins @marknutter Again, I never claimed to have, that was you. I have met many happy, content people who work with their depression. Hate is a decision, so is happiness. You are aggressively argumentative, not a good look",1
412,"hmmmm I made a picture on paint with orchestra green on it, it had unicorns and stuff it makes me happy ",1
990,"@ethanoort haha Where you worried that I would?    Happy Half Birthday to You, Squash.",1
43,@ElyssaD you feel better now?,0
162,@whitro6060 happy birthday!,1
889,"Happy Mothers' Day to my mom, your mom, his mom and her mom! Woot woot.. moms rule! ",1
50,"This night  It was awesome, I slept at 1 a.m . I watched Kyle XY and SUPERNATURAL , So great !",1
324,Happy Birthday to me!,1
69,"Ans even if he was in depression, then why the hell it was unknown to his own family?",0
946,"@BTS_twt @blueminyoongi_ Bts helped me when i went through depression (it wasn't anything serious), though i was feeling sad everyday and nothing seemed to bring my moods up. So when i stumbled upon them, i seriously started smiling and i immediately love",0
434,"Dancing with my cat through the depression and isolation of the COVID-19 pandemic. For anyone struggling.... here is my story.  http://www.tailsofkalima.com/dancingwithmycat/¬†‚Ä¶
#cats, #depression,#catlovers #COVID-19, #isolation pic.twitter.com/Pr3QlbcHQU",0
260,Joy~! Your glass chalk is awesome! My truck is all &quot;Fanime&quot;d out now,1
39,take a deep breath...pyuuhhh...whatta a shocking news...but i'm happy,1
904,I voted for you @KevinRudd I think you're awesome  too amazingly enough tho I hated the LIBS getting the stupid GST into Australia,1
245,Happy 50th Update Thing  who wants to party in my pants? ;),1
361,home... so happy for my friends who have next week off,1
820,Back in Greenville. Going to passout for a few days. So happy to be back!!,1
632,Happy Pentecost Day to all of you! May the Power and the Presence of the Holy Spirit bless you richly today and every day in Jesus' Name!,1
682,"No it's not, he has depression now",0
991,distant myself for it then dwell on my misery and trigger my depression not that I have being happy or feeling good about myself these past days . So yeah I wanna take a break from it all and just spend time doing stuff I like/love,1
139,"@graceandmanners are u calling trent a liar. Haha. That's awesome, Toronto show.  what trouble have you been getting into, sir?",1
82,"I've passed alot of feelings (pain, sadness, depression, crying till my last breath) till i've reached to feel nothing. Just nothing, just empty..",0
108,Been a little quiet again since last weekends awesome workshop. Also a little blue (depression√¢¬Ä¬¶  https://www.instagram.com/p/Bh_6Cd2lA93/√Ç¬†,1
446,Depression strike again and again,0
607,With her best mate   very happy  time to start making plans for the weekend lets get the vodka out and have a good time xx,1
177,"on a happy note, weddings are awesome, and i'm gonna make sure my wedding has an open bar!   ",1
700,@mdcapsgrl He just needs to get a Twitter account too.  That way he can follow Dr. Cullen.  Then he can be happy just like us.,1
231,@saidthewhale great photographs! saw you guys play at the westjet street party. short set but awesome nonetheless,1
938,Happy easter !!! Everyone,1
974,And last but not least; Happy b-day Norway! Its our national day 2day,1
174,"If we leave Takamine alone with just Buchou, I feel like it‚Äôll accelerate Takamine‚Äôs depression, and all‚Ä¶",0
399,"Happy #WellnessWednesday! <Emoji: Leaf fluttering in wind>#DYK: research indicates that gardening is great for healing #depression, #anxiety, & #PTSD? Plus you get to harvest healing foods that boost your #immunity & #mood!#Antidepressant Microbes In #Soil: How Dirt Makes You Happy  http://www.gardeningknowhow.com/garden-how-to/soil-fertilizers/antidepressant-microbes-soil√Ç¬†√¢¬Ä¬¶ pic.twitter.com/ED2nG7dkLl",1
945,No more excuses. I need to build my photography empire. Can‚Äôt let anxiety and depression hold me back.,0
962,"@hotsports Man, that would be awesome, I bet the kids would get along famously! Maybe one day that will happen ",1
394,boys before flowers is AWESOME. specially so yijung and cha gaeul's story. try to watch it. it's great.,1
38,"One for disclosing the mental illness report, second for diagnosis of bipolar depression in just a few sessions, your therapist is a fraud just like you",0
975,"Day 2: food is still gross, and my battles and I are bonding over depression.. ‚ÄúAweeee you think I‚Äôm broken? That‚Äôs so cuteü•∫‚Äù",0
136,Happy Birthday to my most favorite person in the whole wide world! love you AB,1
29,"Happy Friday!!!!  I hope all are doing well....the darling son (5) has decided that we should have a cookout - happy, happy, joy, joy   ",1
523,Another day of being fighting against sadness and depression.  https://twitter.com/yesmaahrukh/status/961928911738335233√Ç¬†√¢¬Ä¬¶,0
203,Just finished leadig praise and worship. By His Grace was awesome...but not nearly as awesome as God is.,1
2,"OPEN INVITE TO MY TWEEPS: My degree show @ LSAD clare st. limerick 13th June 6pm, meet up get pissed  all welcome let me know!",0
805,"Last night made me well happy. Drinking in the meadows, in the sunshine. ",1
923,@itscrystallyn Yaaay! Me happy you likesss it  I think I'm gna blog about black bettys! Spanks for the photos princess &lt;3 Hopeschooliscool,1
480,"Stayed up till now, which is now 5:43am, out with Selene and friends for her bday  was awesome",1
986,I just found you on Twitter. I‚Äôm thankful for your honesty about depression. You and Sheila Walsh help so many people by talking about this struggle. Thank you.,0
328,"For the next 6-months, I'm married to an &quot;older man.&quot;  Happy Birthday, Jeremy!  ",1
76,China children in poor rural area with happy smily face  #Xinwen Lianbo  o_o,1
220,FINALLY done with my bathroom after almost 2 yrs. Its late but Im happy to be done. I'll put pics up tmrw  Good Night or Good morning,1
821,"reminder:
some people can‚Äôt afford to be diagnosed with depression but do not self diagnose if u are only feeling sad. depression is more than that  https://twitter.com/luvm1lfs/status/1289896782642765825¬†‚Ä¶",0
861,hello guys today I'm very happy,1
154,Justice k liye bola nhi jata but depression mentally ill in sb p muh khul jata h... üò°üò°üò°,0
164,"Happy thoughts don't suddenly take away that heavy, dark weight in your chest and in your gut, they don't take you out of the hole you feel like your own brain is stuck in. It's okay to need help because when your depression is THAT intense, you NEED help. You can't do it alone.",1
348,"Treat it like for depression, you just stop being depressed. Just stop being tired. üòÇüòÇü§£
üò≠üò≠üò≠",0
974,Happy Star Wars day everyone,1
213,You ever just... Get happy... To flex on... The homies with depression,1
722,Depression ist not just being sadDepression ist not just being sadDepression ist not just being sadDepression ist not just being sadDepression ist not just being sadDepression ist not just being sadDepression ist not just being sadDepression ist not just being sadDepress-,0
847,"@lindajhutchinso Happy Birthday!  Have a great day , and thank you for following ",1
444,"""I make funnies in LA & the interwebs. #dreambigfighthard @baked_goodes\n#binders"", ",1
152,@expressivemsr my parents r more than happy !! it was just the rest of family wondering about me.my folks r too cool !! left it all on me,1
990,@crusaderz4life Blimey Kev...I thought you were never gonna come up for air...haha,0
415,Bon la v√©rit√© c‚Äôest que je ne sais pas exprimer mes sentiments et de + je ments √† propos d‚Äôeux pour pas que je sois refus√© (vive l‚Äôanxi√©t√© bleah) mais il para√Æt que √ßa m‚Äôa donn√© plus de depression que d‚Äôhabitude cette fois-ci,0
333,@vpmedical Saw your comment on http://bit.ly/Y28BO - would love to know how blogging #ff recs works out for you. I'm happy with it,1
675,"Go to the next available mirror and look into it. What and whom do u see? Gloom , despair, frustration, depression. Welcome the new @RanaAyyub üëèüëèü§£ü§£ü§£",0
472,Yall im diagnosed with depression and anxiety attacks. I‚Äôm so sick of my friends.,0
182,@thevervekid thank you!! I have much to learn from you still ~  Please keep up your awesome work and vibe  cya again Friday !!,1
784,drowning in this ocean of depression,0
376,@varinn hey homie happy birthday? massive  if so,1
998,@ImASadGiraffe brownies are good any time of day,1
95,happy birthday to me,1
607,@davsot Awesome!  Enjoy the awesomeness of Sennheisers!,1
792,At the station waiting on lauren. Today will be awesome! Jeremy Kyle...your fans are coming!  ufft jeans were so not a good idea today!,1
335,"Daily or regular #physical activity will go a long way in keeping both person #healthy and #happy.It can help #improve memory, keep the person #mentally alert and active and helps fight #depression and many more #disease.To know more >>> @Webs_offer pic.twitter.com/X0iVOhpCIX",1
835,"noodles are not so bad...they give a good balance nutritious food, if prepared well..that is what i get from internet  am happy ",1
422,http://www.flickr.com/photos/shaunae/3489042153/ bwaaahahaha someone called this a koala! xP tee hee. He looks happy though,1
367,"10% off sale on all Worry pets until Friday! üòç
Worry pets are designed for children/adults with #autism, #anxiety and #sensory needs ü•∞
 http://Eardleydesigns.etsy.com¬†
#StandWithSmall #sale #etsy #depression #mentalhealth pic.twitter.com/S5Q99lGekF",0
482,"Nothing pushes me to do better like pain ,depression, and struggle ! I feed off of it because every second spent upset is a wasted moment of being Happy that I can never get back!",1
964,Depression and Sadness.  https://twitter.com/ArabPysch/status/988793211006148619√Ç¬†√¢¬Ä¬¶,0
764,"Boomers are not Depression-proof, and they have joined the ranks of the downwardly mobile. ‚ÄúHigh earners: Surprising risk of old age poverty.‚Äù This trend started a couple years ago, but the pandemic has accelerated it.  https://twitter.com/lauramiers/status/1289588158208913409¬†‚Ä¶",0
542,"good morning, Twitterverse and happy Followfriday ",1
724,"@see_line Aw, wa man sad kay ma'buhat sa Multiply. Pictures ang choova ra man. ",0
759,"#musicmonday Happy STAR WARS Day, celebrate by joining!  http://axe-tech.net/forums/...",1
247,Happy Mothers Day. Havent got mom a present yet? Print off an Amazon Gift Card for her!  http://snipurl.com/hq0n1,1
849,@sadieefacee Good things come to those who meet,0
106,HAPPY MOTHERS DAY.!,1
302,"Happy Saturday  good time to rest after a short visit to Rome, Italy... I had such a great time!",1
630,"""funny spongebob image"", ",1
739,@dortt You were dortt? Awesome! Congratulations!,1
83,"""Surgeon, researcher, mother, happy traveller (in days gone by), occasional runner - aspiring to be a couch potato when I find the time"", ",1
319,@ThePUSSITANT1 only if they are sad human beings. I ADMIRE in others what I lack myself and try to emulate them or get them on team,0
370,@qcattq Happy Birthday See you later at little verse it's going to be like old times!  x,1
66,"@happynotsnappy they came out brilliantly, so impressed ",1
768,@caitlinpasko awesome  have you played there before?,1
936,@winnsr Awesome,1
41,"@RanaAyyub you can relate to this üëá, and thus the depression. Please pass it on to your friend üôÇ  pic.twitter.com/NJlhFbjeiO",0
612,"Ich finde, niemand ist ‚Äûnormal‚Äú bzw.  geh√∂rt der ‚ÄûNorm‚Äú an. Depression geh√∂rt zu deiner Normalit√§t, andere haben eine andere Normalit√§t wie z.B. Legasthenie, Migr√§ne, PTBS, MS, Bipolarit√§t, Kleinwuchs, Sehschw√§che was wei√ü denn ich.......irgendwas ist immer! Das ist die Norm! ‚ò∫Ô∏è",0
391,Ador pic.twitter.com/OHesHw7pYG,0
999,"RT @IOwnItMovement:  A2. It can very well drop them into a state of depression or the opposite, state of rebuilding themselves for the better. #PeopleSkillsChat",0
834,The race was awesome!  finally saw jimmie win one in person!,1
742,Changed my email address for Old Navy newsletters and got another &quot;Thanks for signing up!&quot; coupon.  Awesome.,1
267,@kwidrick Awesome.  And here's to a great week.....,1
849,usually what happens when i try to talk more...#anxiety #noonecares #depression #sad #depressed #bpd pic.twitter.com/hmwNcFkEFr,0
174,My room looks like depression season,0
323,@d0opeb0ii sadly you may be right,0
837,Happy Friday Eve everyone...  We're almost there!,1
477,"Masala Wok with @CabbyJames was awesome and enlightening, as always. Great to be back in Houston! ",1
412,"Happy Birthday, Ate Judy! Boardmates' Dinner downstairs ",1
342,yesterday was sooo much fun!! last night too &lt;3  live long and prosper. happy mothers day! ;),1
110,im so happy  - dommie : thanks for your attention i'm so happy jason : you know why i'm so care about your... http://tumblr.com/xcn1wn616,1
802,"I'm depressed , depression always attacks me , I don't feel ok everyday, I'm just fighting over my depression, i was not supposed to be happy today , people now a days doesn't care about how people feels",1
434,I am almost completely soullessI am incapable of being humanI am incapable of being inhumanI am living uncontrollablyIt should be called the anti-depressionAs a friend of mine suggestedBecause it's not the sadness that hurts youIt's the brain's reaction against it,0
195,"@Bunnieblog OK I'm likin' your hubby's idea. Smart man, make the ladies happy ",1
140,So happy for Diversity they deserved to win,1
402,that depression wave really do hit out of nowhere,0
993,Wishing everyone a Happy Mother's Day.  xoxo,1
542,tryna listen to happy songs instead of sad songs to try and undo my depression oof,0
12,@EnvyAmor awesome. July 5th. Save the date  I'm so excited. Xoxo,1
416,I can't sleep I can't eat properly I'm always sadI want to dieWelcome to depression,0
537,@selenagomez I LOVED that movie!!! Zac is awesomeee,1
704,@JohnnyFirecloud Love @antiquiet tho....will def keep up with that..thank you so much for all the info! Rock On! Happy Sunday,1
182,@samdiazzz i'm so happy too!  can't wait till august rolls around... can you say game OVER!? its going to be a sad time for his groupies!,0
471,"@satiricole @Signorella @herbert_farrah 2. ... but to confound gender dysphoria with the insecurities/distress women face today, suggest that the medical definition and symptoms are unknown to her.It is like saying how being sad is the same as years of cl",0
325,"@youquit awesome, ^5! i got my macbook last year for my graduation ",1
53,is watching the logies and eating home made pie in my pj's  awesome night in,1
901,@nmieclki I can tweet u now....yay me *happy dance*  x,1
455,I have not tweeted for SIXTEEN DAYS! I miss it =( I've been having fun though! =D Ingrid on mon was frakking awesome  BBQ today!,1
655,Antidepressant of The Day#Depression #Joy #Antidepressant #Medicine #Hope #Rest #Faith #God #Inspire #Encourage #Peace #AntidepressantOfTheDay #Happy pic.twitter.com/YyWEOAaUAE,1
503,@juliebenz Loved the first 'Saints movie... I trust your presence will ensure this one is just as awesome...,1
910,@ainz0417 I'm sorry you are feeling sad and sick. I hope you feel better soon.,0
654,Lmao depression really had me telling people ‚Äúhaving a bad week I‚Äôll hit you back when I‚Äôm feeling better‚Äù and now I‚Äôm feeling better and still don‚Äôt wanna hit y‚Äôall back so sorry not sorry if you don‚Äôt hear from me just know I‚Äôm good just not w you,0
101,"As a Mum, teacher & survivor of HSC/VCE & the pot-holed road beyond; I can share that things - including anguish, distress, anxiety & depression - do pass; but they‚Äôre all aspects of being human that sometimes take over & we need help to navigate! No shame in that. Not for ever!",0
234,"Normalizing Mental Health is important! 

I have struggled with mental health for a long time, especially with medication. I have Generalized Anxiety (leading to depression), Panic Disorder, ODC and BPD. It has been a struggle and i am still fighting to find my normal.",0
515,http://bit.ly/18mdyM  tech is changing the way we FARM!!! AWESOME,1
275,Woken up from two hours of fever dreams to find that my post is back and I have a phone message from an awesome girl,1
763,"imma try using my light instead of sitting in the dark all day, maybe that‚Äôll cure my depression üòº",0
25,"Day 27 even though I said 26 of 30 - 25 press ups a day to raise awareness for mens mental health, PTSD, anxiety, depression and suicide. A pleasure to be joined by my step father today who suffers with depression @NewportMind @ctmmind @DarrenT87369147 @MindCymru @MindCharity. pic.twitter.com/8MbZv758Cx",0
697,"wyn takes 5 mins to prepare to go out, while mel takes 5 hours.  :p  happy birthday again my friend!",1
674,Happy Mother's Day,1
657,I just saw Night at the Museum 2.  It was AWESOME!,1
128,Is it because those same people see more death and destruction if trump ‚Äúwins‚Äù four more years???Good to know a pandemic and an economic depression were the wake-up calls ....sigh.,0
881,Depression. When you wake up in your nightmare and cannot go back to sleep.,0
659,@JonathanRKnight I'm just happy I get to be there.,1
556,"Remember this.
#mentalhealth #mentalhealthawareness #anxiety #selfcare #depression #selflove #love #mentalhealthmatters pic.twitter.com/rAHDCKpEtU",0
442,Happy Sunday to all! Getting ready to go to church!  I LOVE GOD SO MUCH!!!! DO U? Take care friends!!!,1
591,"""Love people, love humanity"", ",1
72,@birdblogger so happy maybe it was the same one it made my day,1
769,"trying to find a binder to put my finished project in  eep, i'm so happy",1
854,damn morning depression has a whole other type of power over me,0
264,"To those who Fight   Addiction, Mental Illness, Depression, Anxiety, Death, HeartBreak, Suicide. You are NOT alone. I am here WITH you. You are strong and you‚Äôve been put in this situation to test your readiness for life. but You are RESILIENT.",0
519,You Are Totally Awesome!,1
577,"Ini foto pertama win yg gue simpen, his smiles is soooo freaking pure like nobody can beat his smile in this world, maybe he's an angel that God sends for came to earth and helping me from depression in the middle of this pandemic situation, i love him so much‚ù§ stay safe awin ku  pic.twitter.com/5BNuIc836Z",0
19,@tommcfly Eclipse is awesome  it's better than new moon,1
159,"finally finished breaking dawn! SOOO GOOD! sad to see it end tho :/ gonna find some food &amp; then get some work done, now rather than later ",0
470,"FLEABAG+SELFISH CROCWhen Ned the Shire Horse injures his leg, he can no longer work. Too sad to go out, he fears the slaughterhouse. But Farmer Bill won't let an old friend down & helps Ned overcome his depression & find a new job giving rides to kids.#PB #own #DVpit #DIS",0
325,@jonthanjay awesome  i have one...there's some cool games on there,1
498,Many thanks to @CattyG @poptopvw for noting little old me on this happy #followfriday. Very flattered,1
391,"- single mai hun
- Neend mujhe nahi aati
- Padai mujhse nahi hoti
- Depression ne mere sath dosti karli hai
- Dhoka mera bhai bana hua hai

Ab in sabke sath jeeye to kese jeeye??? 
üòíüòíüôÑüôÑ",0
184,@teenhearts: awesome. BTW I'm stoked to get ur cd. I just ordered it.,1
422,@perezhilton http://twitpic.com/6fwgq - This level of cute is ridiculous! He looks so happy too!,1
152,Happy Sunday - going for a ride on the Harley today,1
863,"Depression comes in waves and brother, I'm ready to hang 10.",0
872,"@Delavegalaw I'm so happy I found and followed Elizabeth, her tweets are like medication for depression!",1
855,Happy mothers day  the greatest mothers day gift is too see our kids serving god,1
922,"Do me a favour and just accept me for who I am, stop trying to fix me like I'm some extreme make over barbie doll kids play with, nobody's perfect, I'm happy the way I am right now, suffering depression is bad enough as it is as well as suffered heavy menstrual vaginal bleeding",1
19,@kvanduyne I am happy you and mandy had a safe trip.  I have never been to VA Beach.. Enjoy,1
237,"i was literally gaslighted by my ex for being bipolar. i have toxic and manipulative traits, but i‚Äôm literally just me? i‚Äôm not perfect, i have a fucking illness, don‚Äôt expect us to be perfect, and don‚Äôt romanticize depression but call people with bpd crazy in the same breath",0
162,awww her husband cooked for us! awesome times girls! i love you,1
613,Building houses for cheap! Not really making much money but happy to be working.,1
146,"At any point of time,have I commented on the case specifics?..I am not police,I will not participate in this circus of conspiracy theories..my only issue is with people who think mentally strong can't have depression..I am concerned about mental health issues and conversations",0
107,@BryanGwin i can see that. haha  and wait. I checked your band's myspace page and i got to stay. your music is definitely awesome. (:,1
185,"@philgerb I am happy to hear that all is well. As for me, I cannot complain. Life is good. Got my health and a roof over my head. ",1
152,"i wish i could just have one day where i was actually happy but alas,,,, my depression and bpd will not let that happen c:",1
163,http://twitpic.com/3pd5a - makapu'u beach 2... my camera phone is awesome capturing blue,1
144,I Feel Bad For The Homie @sadkatelyn Sooooooo Much Depression,0
358,loved the cs graffiti life show. awesome night. i'm really proud of myself because i didn't feel the need to hold back my feelings.,1
804,"Really sad one
Atalanta forward, Josip Iliƒçiƒá found his wife cheating when he went to surprise her in Slovenia and now he's in depression considering to quit football. 

Iliƒçiƒá is not going to play vs PSG which is the biggest game of his life.  pic.twitter.com/c9yIX7n335",0
698,"Building collapse survivors prone to depression, aggression¬†‚ÄîExperts  https://naijastreettalk.com/2020/08/02/building-collapse-survivors-prone-to-depression-aggression-experts/¬†‚Ä¶",0
749,"Unconfirmed rumors;

It appears that Josip Iliciƒç might be considering retirement from Football.

He fell into deep depression after he caught his wife cheating on him. 

So sad!  pic.twitter.com/7w7JLDfbv1",0
714,"just woke up,happy mothers day ",1
252,"@TheDragan2121 My depression decided to rear it's ugly head, sadly because of a spark of Jealousy... And I hate being Jealous, so my day kinda tanked, and my week has been plunged into the depths.",0
555,"has found and bought an awesome book today, entitled: &quot;20 Essays Written by 20 Somethings.&quot; ",1
124,@adamagee awesome! super stoked for the new album,1
287,"if it makes you happy why not?!?  happy mothers day! Thanks to all those mothers, cuz my cute friends would not be possible without you.",1
39,"Happy birthday to y bestfriend, Jacklyn Nicole DeCastro. I love you beezy ",1
557,"@sorgeweniger ich glaube, dass ist ein wichtiger punkt. weder die bed√ºrfnisse, noch die w√ºnsche werden erf√ºllt. vorallem √§rmere menschen haben oft SO VIEL leidenschaft und interesse und NICHTS wird erf√ºllt. das treibt viel weiter in die depression. b",0
129,"Social anxiety, OCD, epilepsy, short term memory loss (due to anti-epileptic drugs) & depression are all making my life a hell. But I'm just living for the three most important people in my life and pretending and sometimes lying to myself that everything is fine with my life. üòä",0
72,@anitafiander Thanks... Happy Mother's Day to you too,1
835,"Mental weakness refers to the negativity, too much anxiety and depressive thoughts inside your mind. This is identified by : getting too emotional at times, lack of self-confidence, Anxiety, depression, Overthinking, Taking a lot of unnecessary tension, etc.#BEAWARE",0
141,@mysteriousmysti hope u have alotta fun seeing green day. they're an awesome band,1
9,"Depression dies blow, hope it passes soon.",0
279,"is studying once again.. Happy 4/20, everyone.  xx",1
149,Looking forward to a beautiful and relaxing weekend and Game 3 tonight!! Happy Memorial Day Weekend,1
21,Why oh why is it so hard for me to get motivated to start working out? I am so lazy! Happy Friday.. the weekend is almost here,1
274,"Anyone ever feel like u are actually suffering from mild depress, like no, u r not saying u really are having depression, but u got like a small portion of deep sadness inside but u r denying it n lying to your heart bcuz yknow, u can keep denying it anyway. same.",0
157,"#Depression has many clusters and can look differently even in similar people.
 https://buff.ly/3hSgh6H¬† #mentalhealth",0
647,"I fucking hate those people so much. Those people who go """"""""I was depressed but then I just started thinking happy thoughts and then that cured it :)""""""""Cool. So you didn't have depression. You were just sad for a while.""""",0
692,@THEREALSWIZZZ say happy WED*  peace*,1
37,long naps make me happy,1
277,happy birthday to me  &lt;3,1
946,"I‚Äôve personally seen an increase in suicides, ODs and am watching a number of friends and family struggle with deep depression.
I know that‚Äôs anecdotal, but I believe it‚Äôs a trend that others are seeing as well.",0
537,Have you ever witnessed the downward spiral of an overtired child from happy and alert to suddenly cranky? What are the links between insomnia and  depression? Dr Tammra Warby answers many of these questions here.  http://bit.ly/2Hjm8A1√Ç¬† #Mindset #DrTammraWarby pic.twitter.com/H7bm0tROr4,1
870,Please depression disappear. This shit haunts me daily. My dreams have been really nice they just never materialize. Just fear & sad emotions rule my mind. Sorry but this is where I vent. I know I'm a loser but hey things could change. I hope & pray for it to happen foe me,0
813,"Happy Birthday to my Grandpa.  He has 3 cats, but I still love him. ",1
856,"""Welcome to the future! Are we having fun yet?\n\nCrypto-Chef & Nutro-Futurist\n\n#NJ American \ud83c\uddfa\ud83c\uddf8 \n\n\u2764 blocking bigots \n\n#CancelFacebook"", ",1
839,I'm sad and don't know why. Assuming depression is deciding to kick my teeth in like an asshole.,0
827,@williambason @ajhice I'm lucky to have such great friend that would drive 7 hours each way just to watch me race....awesome. Thanks guys,1
998,I really just want this depression to be over. I want a night I don't cry myself to sleep anymore. I just want to be happy. I want it to be over :(,1
321,"Mounting evidence shows exercise can prevent depression  https://buff.ly/2HXS3ag√Ç¬† Yep, that's why I am happy :) pic.twitter.com/4m8QZPUtQI",1
26,Happy birthday to my wonderful mother and to @katiesantry,1
610,"Happy Birthday, Dad ",1
644,"Back from a fantastic birthday gathering in Hyde Park. Full of sunshine, fantastic food and pure glee. Awesome friends are awesome ",1
969,Brewing my coffee from @grindincoffeeco and then booting up the stream. My depression isn't crippling today so I want to take advantage.,0
105,Can we stop making depression/anxiety/mental health issues a trend? Cause there is sure as hell a lot of fake depressed people now,0
992,"""relatable & funny content only 1 just follow me thank you \u2665\ufe0f"", ",1
342,@echobase77 Yeah I'm never prepared for FF and I never have a list of names I can write down. It's pretty sad,0
22,"A3
You're filled with anxiety and depression, as well as loneliness.
#PeopkeSkillsChat https://twitter.com/KateNasser/status/1289927921033809925¬†‚Ä¶",0
318,Depressed or Just Sad? 5 Signs of Depression - Many Words One Voice  https://buff.ly/2vFM7jH√Ç¬†,0
509,Today is a very very sad day..... Thank goodness for IOU's,0
719,Golden Girls makes me sooo happy  crazy day now I gotta take it easy..,1
542,@ViolaJaynes try asking @tweetdeck i'm sure they will be happy to help you.,1
737,@skatagb @bitchywolfhard Oh my god youre right<Emoji: Crying face> im so sad i need a depression nap now,0
123,going to sleep with the sound of halo 3 and two happy boys,1
904,HEEYYY ALL!!!! Thanks for your  votes at http://www.hottweeters.com/CuteRain!!! I am very happy to have your support KISSESS ~Cute Rain~,1
394,"@optimuffins good luck, depression is real but not being stuck inside your head and rather paying attention to the outer helps tremendously <Emoji: Face savouring delicious food><Emoji: Umbrella>Have been there, good luck, stay busy and stay happy.<Emoji:",1
661,"@awg_allan @TelegramSam100 @happycishappy If they have clinical depression, it is because the way they choose to view the world that is causing it. They are churning toxic hatred through themselves.",1
42,@JackAllTimeLow @AlexAllTimeLow Have an AWESOME show tonight boys! Wish I cldve gone to watch u guys again!,1
190,"Hey everyone, @oddmanout75 is looking for some great people to follow and follow him. Since all of you are awesome, you should follow him ",1
83,"Treat work related depression at the Kalm Centre today.The mental health of employees is imperative to the success of any organization. Sadly, mental health of employees is often overlooked in the corporate world....  https://www.facebook.com/HrLinksGhana/posts/1635375116499792√Ç¬†√¢¬Ä¬¶",0
427,"leg is crippled, like really can't walk well. so sad. lovee the new tattoo though ",0
104,1st Wedding Anniversary today   Here's to many more blissfully happy years together.,1
739,Happy mothers day tu all moms out there  !!,1
612,I won‚Äôt have anything to show for a bit cuz my depression symptoms have come back leaving me super unmotivated but I can share some old work I still love that make me happy ü•∞ I miss painting animals. #digitalart #illustration pic.twitter.com/5F04C5FwMt,0
466,"The number/proximity of people low-key living with DEPRESSION will shock you.

Some people ain't even aware they're D. Sometimes, just listening to someone & speaking less will show you. But every1 is concerned bout being heard & not listening at all.

#LeanOnMeDearHuman!
#ICare",0
201,Je suis dans un mood la je sais pas si c‚Äôest un post d√©pression mais y‚Äôa tous qui me soule,0
38,"Asking someone: What did you do today? What did you do yesterday? Oh, what did you clean? How much? But I did that, so how much did you actually do? What do you plan on doing tomorrow again?

Isn‚Äôt a nice thing to do. It‚Äôs doubly not nice if the person is dealing with depression.",0
813,"I‚Äôve had depression for as long as I can remember normally I can manage it but as you know shit has been rough, anxiety is also a bitch. It‚Äôs why I gotta figure out a plan for myself because it‚Äôs also messing with my sleep",0
209,"Yep.And that is why suicide and depression isn't taken seriously in this country.Cyber bullying is seen as ""joking"". tearing another's ego down. Wht i like abwt life is that it will teach negative people a lesson xem.",0
998,"Hi there, so I‚Äôve been really sad for some months now because not only is post school depression is real and I still can‚Äôt shake some other things that‚Äôs been withholding me from being happy. So many times I thought death would be easier...but things are different now.",0
744,"We are back in a recession/depression where we were the last time GOP was in office. It took President Obama 8 years to bring us back on track. In 3 1/2 years, trump destroyed it all. Make no mistake, we were in a recession before covid made it worse. VOTE BLUE!! trump's given up",0
196,@CLinterior Happy weekend; that is great about your father.  Good morning yet from our side of the globe,1
765,hmmmm..What are you doing?...im singing a very awesome song  and ima go see a movie called...TERMINATOR SALVATION!!!!!!! OH YEA! BITCH! xD,1
822,@abhi_jith So happy to hear that.,1
502,"Smiling, even when it's forced, indicates to your mind that you're happy. This in turn causes the brain to release endorphins,"" the body's """"feel-good"""" chemicals that combat depression and anxiety.  https://goo.gl/vwCqUa√Ç¬†",1
193,"@BBCOne @HughFW @jamieoliver @HairGilded Whereas shows on tv designed to make you feel guilty about being large regardless of whether you're otherwise happy at the size you are or not...those do wonders to improve depression in people, right? ;)",1
130,Is now baptized!  we have an awesome god.,1
961,@BriggySmalls happy to be the 1st to *high five* you dude!,1
294,@gabirapuano i'm so happy you answered!! Can't blip now b/c I'm camping!! I really miss it! I'll blip tomorrow again  Obrigada btw!,1
845,it saddens me how much my mental health really changed me. depression is a thief.,0
38,"A2. It can very well drop them into a state of depression or the opposite, state of rebuilding themselves for the better. #PeopleSkillsChat",0
769,And I got to see Coalesce destroy the low ceiling! And the gutair player used sheetrocks to play his guitar! THAT was awesomeness!,1
892,"@sarbjitkaur1 So sad.  Male children are not given the emotional supports needed to develop healthy brain development and suffer anxiety, and depression as a result, studies have shown.  I see it in my own families.  We need 2 parent boys more intentional",0
384,That depression is just an illness and there shouldn't be so much stigma?  https://twitter.com/exsumptious/status/1288901615693438977?s=20¬†‚Ä¶,0
485,homeee from livie's sweet which wass fuckingg awesomee .,1
915,@tainted_ilaria so happy too! another #puppylick for you,1
6,@selenagomez I LOVE YOU SELENA GOMEZ... You're so beautiful! You're my role model and my idol! I would be so happy if you reply to me,1
870,imagine developing multiple anxieties and depression when you‚Äôre 8 and no one know why. at least i could breath i suppose.,0
374,@williger Thank you so much for the #FollowFriday shout! You're most awesome,1
836,"Happy Mothers Day to all the Moms  It's a tough job, but totally worth it!",1
834,@ShizuStreams shizu is the best healer.  She heals my sadness and depression with her voice c:,0
40,Some people may say you can't be sad because someone else may have it worse is just like saying someone can't be happy because someone else might have it better. Depression is one of the most dehumanization and tiring emotional experience anyone can encounter in their life,1
696,hate being an adult cant listen to Just Be Friends without getting depression 2,0
949,Elizabeth is freakin' awesome!!! She's following me now!,1
766,You‚Äôre kidding right?  Have you even noticed we are in a depression?,0
765,"FEAR WOMEN

Atalanta forward, Josip Iliƒçiƒá found his wife cheating when he went to surprise her in Slovenia and now he's in depression considering to quit football.",0
151,There is a difference between being anxious every once in a while and having anxiety. There is a difference in being sad and depression. If you do not know the difference go read a book before you open your mouth and try to tell someone to get over it.,0
459,@shaunjumpnow happy birthday   x,1
177,Awesome football stadium,1
101,"happy mothers dayy, out to breakfast with my mommaa ",1
151,Tenth Tropical Depression for the 2020 Hurricane Season is just forming off the coast of Africa #TropicalStormIsaias #HurricaneSeason pic.twitter.com/ti9N34PfMt,0
676,@_is_depression EXACTLY!!! I have never heard someone explain it that way but that's exactly how I explain it to my husband. It's sad there aren't more mainstream books for the real person with real problems. Depression isn't playing the victim which some,0
390,@Denese25 Awesome background!,1
698,@ItsDely wut u tryna say? lol every1 shud be happy after they get out the shower,1
675,#hoppusday  @markhoppus Happy Hoppus day  you rock,1
579,@tedrubin glad you have a happy tummy!,1
66,"tw// depression
.
a friend made me really depressed because he was asking what mental disorders i got diagnosed w and what medications i got and i hate talking abt it when its out of the sudden amd he REALLY ruined my mood",0
494,"""Degree in Child and Family Development\nI LOVE to work with children, decorate, laugh, and have fun! I love to spend quality time with my family! \u2764\ud83d\udc8b"", ",1
567,"craziest thing about depression is that i always think that i've hit rock bottom and that shit couldnt get worse, but today i turned down a costco churro cause i was sad, then cried about not eating the churro, and i realized that this is DEFINITELY rock bottom (until it isnt)",0
10,i love demi's new album cover its awesome i cant wait to here the songs !,1
556,Bout to hit the sack...got shit to do tomorrow. Happy mothers day MOM!,1
963,"""Positive and funny"", ",1
464,I'll try to jump start my happiness by texting everyone. 10 mins into texting everyone I don't want to talk to anyone. Fuck you depression,0
270,@BTKing I'm so sad. I really wish whenever I logged into Aim you'd be there ;( i guess we have bad timing LoL. Georgia trip this weekend,0
948,Happy Birthday Snickers!!!! ? I hope you have the best day ever! Let's go shopping!!!,1
904,"Happy Birthday Big Ben, may you chime for another 150 years and more ",1
686,I'm so happy its sunny...but rumor has it its chilly outside!,1
96,"Sadness and Depression are serious cases, you don't know what the person is fighting inside.",0
882,Baking a cake while my baby sleeps.  Tomorrow is going to be awesomesauce!,1
670,Depression is one of the hardest things to deal with and some people will just never understand that. Fuck the people who talked down to you. You‚Äôve been a dope soul for as long as I have known you and I am happy to see you‚Äôre doing better. Positive vibes your way!,0
133,"IM GOING TO SEE @HayleyKiyoko NEXT WEEK IN CHICAGO! IM SO EXCITED, MY DEPRESSION IS GONE, MY ASTHMA HAS BEEN HEALED, I AM A HAPPY PERSON. SEE YA AT THE HOUSE OF BLUES B <Emoji: Smiling face with open mouth and smiling eyes><Emoji: Smiling face with open mouth and smiling eyes><Emoji: Smiling face with open mouth and smiling eyes>",1
957,fren: i have depressionme: have u been diagnosed?fren: i know i have depressionme: yea but have u been diagnosed??fren: no but i know i dome: how do u knowfren: bECAUSE *tears up* IM JUST SO SAD ALL THE TIME AND MY LIFE SUCKS *fake weeping sounds*,0
503,Happy Mothers day to all the Mothers in my life,1
18,now we talk about football in lunchtime..anything worse? happy #hoppusday everyone! and  mother's day too  (fuckin&amp;touchin&amp;suckin hahhah),1
390,At the phase of depression again.,0
352,Woopra is pretty awesome. Now to get more visitors to http://l4x9.com so I can see it happen live,1
273,@Oddessy congrats you are now cooler than me.  Happy Birthday Miss Lovely.,1
216,Just say you hate people with depression and go. Because you're not hiding it very well.,0
59,"@ddlovato AJ RAFAEL (AWESOME MUSICIAN, FAMOUS ON YOUTUBE) COVERED YOUR SONG, DON'T FORGET. PLEASE WATCH IT  IT'S GOOD! http://bit.ly/vFWAs",1
346,#netflix has awesome customer service  and not to mention a great product,1
760,A girl at work just pulled out a bible in the breakroom and it is now the topic of conversation. My heart smiles!  He is awesome!,1
916,@RoxxiNikki happy birthday! Take plenty of pics/video so you'll remember what you did later on!,1
528,My anxiety and depression is soooooo fucking bad lately. Please dm me some ways to not be a sad piece of shit all the time. Please and thanks,0
864,The freaking Circus was awesome!  Dude I loved it.,1
929,@therealnuma Awesome me too  Got a busy two weeks with uni and my birthday and Melbourne but after that.,1
313,"Crazy how so many members of my family at some point exhibited sides of depression - grandma, aunt, cousins, me - but everyone talks about it like it's Not A Thing and will ridicule you for even talking about it",0
269,went 2 wallyworld today had an awesome time getting a kewl easter basket and a nitelite for my computer,1
394,Jis din sab sahi ho us din yeh soch ke depression ho jata hai ke sab sahi kaise hai..,0
901,Swara r uh really out of ur mind kya apko khali depression Hi dekh raa mtlb kuch bhi khe do but hum toh sucide hi boleyga mtlb etne sara evidence etne sare log jinko yeh dekh raa ki yeh murder h but ap..pls apna dimag use krna sikhoüôè,0
506,Fighting depression isn't easy and I still get uncontrollably sad.. but I know thats not what I want for myself.,0
38,thank you all for the #FF mentions. You are all awesome.,1
587,Mackenzie McKee Opens Up About Depression and Greif in Emotional¬†Post  https://teenmommadness.com/2020/08/02/mackenzie-mckee-opens-up-about-depression-and-greif-in-emotional-post/¬†‚Ä¶,0
636,Poor COVID-19 response pushes us to edge of depression  https://www.thestarpress.com/story/opinion/columnists/2020/08/02/michael-hicks-poor-covid-19-response-pushes-us-edge-depression/5522578002/¬†‚Ä¶,0
624,@ChrisBerryTwits and i'm happy that i didn't enter now...,1
248,"Here's what I Know so far.This is what depression does to you, instead of keeping on top of things you just pull the sheets over your head and feck the worldHad the ultra-sound done on my leg, they are happy with that, no circulation problems. However, I have an infection on my",1
930,"@nick_thompson yummy, can't beat cooked flowers on your birthday!  tell her happy birthday from me",1
499,"@ddlovato, Your Awesome! I love to draw you! I hope you'll ever see it! (: http://twitpic.com/4lvns  I hope you'll come to Holland soon!! ",1
168,"@yelyahwilliams LOL! You're awesome, Hayley!!! Paramore Rocks!!! Love from COLOMBIA!!! ",1
177,I got a new Tattoo yesterday it is a mama lion and her 3 cubs I love it represents and my kids soooooooooooooo cute    I am so happy,1
92,"(1/2) If someone clinically diagnosed with sociopathy can convincingly appear neurotypical, what stops someone on the Autism spectrum from masking? I know they aren't the same disorder but people with anxiety can hide it, people with depression, people with BPD.",0
207,"""A FUN LUVING POSITIVE THINKING GUY , LIVING LIFE TO THE FULLEST."", ",1
270,"@Flosephine Yes and better still he's tackling his depression with lot of exercise and talking therapy, I'm more happy about this, Flo! X",1
603,Depression hitting harder than my weed does üò™,0
764,so happy - today is shopping-day,1
214,@DisneyFan10101 lol thats awesome!!!,1
15,"Depression is so real , idk why people joke ! Just cause you see someone smiling doesn‚Äôt mean their not fighting it",0
919,"depression or commits suicide, be a little sensible. Mental health exists and it is like any other disease. Please don't demean someone with depression by saying ""Let's not remember his as a depressed guy, but as a hero"" Reread this sentence. You'll understand my point.",0
818,"This world needs to fuck right off. I'm so done with everything. I get it, you don't want me here. This world has already killed my hopes, dreams, ambitions and any enjoyment I once had. I don't wanna be here anymore either. #mentalhealth #depression #SuicidePrevention",0
232,@CBClick Do it! Happy AT&amp;T/Bold user here,1
762,@AntonioMBush my beautiful LB! Happy Birthday! Welcome to the 25 and up club!,1
777,"HAPPY MOTHER DAY FOR ALL THE STRONG HARD WORKING MOTHERS, MAY GOD BLESS YOU AND YOUR FAMILY ",1
392,had an awesome night at the bruecks! thanks kristi &amp; bart!!!! can't wait until you have your house smelling all yummy!,1
172,"my tweeps, ima get sum sleep.. had an awesome nite. peace an love ",1
442,Happy Mothers Day!,1
841,"@JeffKnize Thank you very much, I'm surprised but very happy about it  ",1
63,@bethofalltrades http://twitpic.com/69bs9 - happy birthday!,1
483,@born2shine4ever miss u too  I'm happy u passed ur test. U shld be proud!,1
137,"http://recipekey.com/r/zykfx a great veggie lasagna!!  happy marathon monday, boston folks ",1
255,Some people may say you can't be sad because someone else may have it worse is just like saying someone can't be happy because someone else might have it better. Depression is one of the most dehumanization and tiring emotional experience anyone can encounter in their life,0
636,"@MissPureGold *Hug..... I simply meant alot of us are sad here, not sure of depression though.",0
562,"Happy 19th Birthday, Chryslyn. ",1
856,tryna listen to happy songs instead of sad songs to try and undo my depression oof,1
